,freq
film,493
im,444
would,257
like,243
know,202
ive,191
short,186
get,177
want,176
make,168
one,146
dont,146
looking,145
camera,143
video,131
work,130
time,129
people,121
really,121
need,113
also,106
first,104
anyone,103
good,100
use,99
help,96
made,95
music,94
films,92
could,92
even,91
something,90
budget,86
movie,86
working,85
way,84
id,84
editing,80
sound,79
think,78
find,75
production,75
new,74
best,72
lot,71
thanks,71
project,70
advice,70
making,69
using,66
love,66
videos,66
industry,65
still,65
right,65
school,64
filmmaking,63
got,60
shot,60
filmmakers,60
feel,59
take,59
go,59
guys,58
going,58
director,58
sure,58
movies,57
question,57
everyone,56
look,56
much,56
see,56
free,55
experience,54
well,54
money,54
hey,54
ampxb,53
etc,52
years,52
cant,51
story,51
set,51
someone,51
thing,50
things,50
year,50
footage,50
job,49
wondering,49
please,47
thats,47
shoot,46
better,46
great,46
wanted,46
pro,46
getting,45
hi,44
idea,44
bit,43
audio,43
start,43
filmmaker,43
shooting,42
script,42
post,42
thank,41
anything,41
last,41
trying,39
interested,39
day,39
lighting,39
feature,39
around,39
used,39
hello,38
actors,38
however,38
recently,38
writing,37
couple,37
show,37
put,37
life,36
currently,36
many,36
back,36
done,36
theres,35
friends,35
small,35
two,35
amp,35
college,34
equipment,34
learn,34
low,34
youtube,34
thought,33
crew,33
another,33
ideas,33
isnt,33
kind,32
shots,32
doesnt,32
always,31
might,31
scene,31
caleb,31
different,30
filming,30
documentary,30
pretty,30
said,30
feedback,30
type,30
cameras,30
actually,30
big,30
long,30
us,30
little,30
edit,30
lens,30
else,30
let,30
recording,30
high,29
together,29
possible,29
advance,29
questions,29
part,29
days,29
old,29
next,28
pay,28
since,28
place,28
give,28
ask,28
monitor,28
quality,28
found,28
started,28
hear,28
indie,28
never,27
light,27
scenes,27
effect,27
creative,27
stuff,27
festivals,26
directing,26
seen,26
process,26
connections,26
everything,26
say,26
hope,25
try,25
appreciate,25
company,25
covid,25
come,25
festival,25
didnt,25
mostly,25
enough,25
team,25
tell,25
months,24
major,24
full,24
website,24
course,24
suggestions,24
friend,23
specific,23
every,23
point,23
ill,23
projects,23
without,23
able,23
youre,23
understand,22
online,22
content,22
create,22
iphone,22
appreciated,22
least,22
producer,22
mic,22
mind,22
professional,22
check,21
tried,21
whole,21
move,21
jobs,21
watch,21
tips,21
live,21
record,21
especially,21
main,20
ago,20
direct,20
gt,20
la,20
finally,20
zoom,20
share,20
link,20
person,20
thinking,20
phone,20
nothing,20
university,20
buy,20
worth,20
told,20
plan,20
seem,20
directors,19
curious,19
past,19
important,19
end,19
directed,19
read,19
may,19
far,19
ever,19
tv,19
paid,19
commercial,18
matter,18
though,18
instead,18
planning,18
lenses,18
super,18
already,18
focus,18
color,18
media,18
home,18
three,18
josh,18
final,18
either,18
page,18
sounds,18
night,18
seems,18
wrote,18
name,18
design,18
effects,17
thoughts,17
title,17
become,17
completely,17
premiere,17
horror,17
rather,17
real,17
contact,17
later,17
student,17
happy,17
havent,17
social,17
comes,17
decent,17
write,17
keep,17
less,17
almost,17
screen,17
gimbal,17
hoping,17
original,17
image,17
away,17
makes,17
call,16
takes,16
starting,16
similar,16
whats,16
tripod,16
subject,16
sony,16
technical,16
watching,16
enjoy,16
business,16
world,16
shorts,16
mm,16
art,16
week,16
meet,16
recommend,16
gear,16
willing,16
month,16
across,16
vs,16
program,15
turn,15
came,15
mode,15
role,15
side,15
boom,15
cinema,15
rate,15
ad,15
hard,15
asked,15
canon,15
podcast,15
options,15
opportunity,15
behind,15
issue,15
group,15
stories,15
piece,15
probably,15
order,15
weeks,15
hand,15
basically,14
minutes,14
dark,14
vfx,14
edited,14
moment,14
style,14
reason,14
asking,14
reading,14
finding,14
heard,14
message,14
series,14
car,14
works,14
talk,14
heres,14
cut,14
sync,14
bad,14
achieve,14
change,14
channel,14
characters,14
mean,14
means,14
resolve,14
add,14
available,14
must,14
moving,14
putting,14
soon,14
software,14
deal,13
uk,13
exactly,13
resources,13
trailer,13
went,13
setup,13
house,13
cinematography,13
microphones,13
shows,13
million,13
degree,13
prime,13
gets,13
independent,13
settings,13
computer,13
travel,13
fast,13
buying,13
within,13
called,13
looked,13
expensive,13
black,13
greatly,13
lucas,13
wont,13
direction,13
fit,13
anyway,13
regarding,13
skills,13
fun,13
editor,13
study,13
recommendations,13
reddit,13
written,13
cost,13
details,13
open,13
department,13
minute,13
family,13
summer,13
wouldnt,13
outside,12
background,12
amateur,12
problem,12
producers,12
usually,12
actual,12
based,12
talking,12
studios,12
screenplay,12
future,12
shutter,12
bought,12
game,12
actor,12
plus,12
room,12
standard,12
tracks,12
lumix,12
cheap,12
budgets,12
inside,12
example,12
top,12
normal,12
figure,12
form,12
involved,12
setting,12
considering,12
experienced,11
ways,11
awesome,11
info,11
studio,11
adobe,11
line,11
bring,11
general,11
hours,11
state,11
hire,11
hour,11
sort,11
taking,11
spend,11
slow,11
interesting,11
send,11
laptop,11
field,11
maybe,11
rode,11
crazy,11
ronin,11
run,11
cinematic,11
others,11
rig,11
finished,11
answer,11
management,11
case,11
reel,11
frame,11
card,11
saying,11
mainly,11
fps,11
career,11
produced,11
necessary,11
photography,10
brand,10
huge,10
gh,10
control,10
features,10
submit,10
file,10
students,10
amazon,10
young,10
song,10
guy,10
begin,10
wasnt,10
whether,10
grading,10
speed,10
sometimes,10
nice,10
price,10
quite,10
fake,10
comedy,10
stay,10
american,10
facebook,10
learned,10
streaming,10
close,10
needs,10
basic,10
composer,10
bunch,10
second,10
green,10
action,10
opportunities,10
location,10
sense,10
looks,10
experiences,10
creating,10
certain,10
worried,10
rights,10
due,10
saw,10
app,10
theyre,10
build,10
tells,10
partner,10
product,9
spent,9
pandemic,9
pa,9
prefer,9
fan,9
amount,9
current,9
terms,9
decided,9
practical,9
invest,9
times,9
issues,9
opinions,9
allow,9
position,9
country,9
personal,9
along,9
pitch,9
ones,9
cool,9
yet,9
conversation,9
created,9
postproduction,9
extremely,9
improve,9
attention,9
view,9
output,9
believe,9
th,9
passion,9
interest,9
dp,9
easy,9
cast,9
head,9
several,9
seriously,9
feeling,9
display,9
track,9
living,9
local,9
clips,9
legal,9
upgrade,9
running,9
smaller,9
helpful,9
heavy,9
book,9
narrative,9
says,9
properly,9
gaffer,9
released,9
tldr,9
score,9
cinematographer,9
maker,9
scripts,9
learning,9
couldnt,8
mentioned,8
success,8
inspired,8
lets,8
limited,8
members,8
information,8
paying,8
list,8
option,8
service,8
survey,8
lives,8
system,8
locations,8
casting,8
seeing,8
acting,8
camcorder,8
save,8
avoid,8
scifi,8
panasonic,8
submitting,8
special,8
picture,8
quick,8
entirely,8
lav,8
range,8
number,8
pq,8
coming,8
quickly,8
decision,8
wrong,8
sub,8
stage,8
community,8
news,8
produce,8
provide,8
producing,8
competition,8
netflix,8
interview,8
internet,8
dialogue,8
box,8
worry,8
remember,8
mine,8
class,8
june,8
mobile,8
access,8
stuck,8
simple,8
break,8
leave,8
possibly,8
sites,8
recent,8
motion,8
realistic,8
motor,8
worked,8
windows,8
answers,8
hollywood,8
hopefully,8
true,8
hes,8
filter,8
extra,8
area,8
hands,8
vision,8
wants,8
figured,8
feed,8
hate,8
filmed,8
wanting,8
watched,8
understanding,7
email,7
glidecam,7
contacts,7
length,7
makers,7
insight,7
ends,7
consider,7
manager,7
approach,7
aside,7
note,7
deep,7
definitely,7
preproduction,7
topic,7
tools,7
afford,7
difficult,7
suggest,7
additional,7
guess,7
plans,7
platforms,7
except,7
yes,7
level,7
fx,7
offer,7
welcome,7
door,7
dcp,7
finance,7
obviously,7
care,7
files,7
bright,7
difference,7
yall,7
ratio,7
handle,7
comments,7
biggest,7
choose,7
realize,7
solution,7
multiple,7
somebody,7
anywhere,7
whatever,7
microbudget,7
reach,7
mics,7
filmic,7
raw,7
upcoming,7
bmpcc,7
birthday,7
fairly,7
entire,7
knowledge,7
interior,7
xt,7
mini,7
floor,7
angle,7
uses,7
angles,7
assistant,7
late,7
knows,7
meant,7
stop,7
displaying,7
steps,7
step,7
purchase,7
favorite,7
useful,7
preferably,7
lots,7
early,7
trouble,7
self,7
hired,7
visual,7
including,7
although,7
screenwriting,7
search,7
log,7
operator,7
artist,7
include,7
onto,7
literally,7
pc,7
licensing,7
passionate,7
test,7
selected,7
table,7
science,7
lights,7
aware,7
corporate,7
lines,7
hold,7
drama,7
serious,7
selection,6
davinci,6
waiting,6
needed,6
nd,6
writers,6
ef,6
rates,6
chance,6
sets,6
law,6
match,6
ready,6
games,6
editors,6
took,6
marvel,6
ahead,6
concerned,6
famous,6
lead,6
tape,6
graduate,6
millions,6
fuji,6
central,6
street,6
performance,6
education,6
perhaps,6
plagiarized,6
character,6
slowly,6
longer,6
middle,6
purpose,6
awards,6
teacher,6
stand,6
fall,6
choice,6
investment,6
entertainment,6
fully,6
request,6
starts,6
images,6
links,6
microphone,6
credit,6
gpu,6
crime,6
imdb,6
generally,6
alone,6
aspiring,6
helping,6
review,6
moved,6
large,6
gaming,6
youve,6
ability,6
colour,6
animated,6
iso,6
books,6
result,6
freedom,6
meeting,6
stills,6
particular,6
unable,6
research,6
hdr,6
analysis,6
insurance,6
apps,6
included,6
turns,6
tutorial,6
red,6
pole,6
objects,6
popular,6
portfolio,6
potential,6
mins,6
inch,6
nyc,6
wife,6
reality,6
legs,6
following,6
easier,6
goal,6
specifically,6
copyright,6
version,6
license,6
youll,6
higher,6
blood,6
weekend,6
play,6
assume,6
often,6
official,6
front,6
plot,6
space,6
support,6
anybody,6
posts,6
visuals,6
quit,6
documentaries,6
minimum,6
beat,6
gimbals,6
mix,6
sorry,6
spending,6
given,6
classes,6
funding,6
wide,6
value,6
hallam,6
groups,6
holding,6
gives,6
gave,6
received,6
submission,6
left,6
touch,6
beach,6
adaptation,6
market,6
essay,6
man,6
simply,6
talent,6
kinda,6
half,6
decisions,6
manual,6
services,5
regular,5
uni,5
remove,5
mirrorless,5
located,5
google,5
history,5
related,5
somewhat,5
release,5
kid,5
minor,5
relatively,5
feels,5
clean,5
minimal,5
road,5
seemed,5
sales,5
sit,5
highly,5
foot,5
loss,5
single,5
dog,5
cases,5
breakdown,5
felt,5
gone,5
totally,5
breaking,5
lost,5
wonder,5
majority,5
fee,5
canada,5
sign,5
towards,5
turning,5
goals,5
gain,5
turned,5
word,5
truly,5
easily,5
levels,5
capture,5
cannot,5
truth,5
site,5
royaltyfree,5
fellow,5
boyfriend,5
hiring,5
seconds,5
require,5
required,5
requires,5
today,5
softbox,5
waste,5
cheers,5
member,5
responsibility,5
apple,5
arent,5
larger,5
helps,5
richardson,5
tone,5
latest,5
applying,5
foley,5
masters,5
screenwriter,5
typically,5
roles,5
likely,5
sharing,5
doc,5
tool,5
cause,5
register,5
dslr,5
clients,5
vfs,5
productions,5
places,5
throughout,5
date,5
pitching,5
stranger,5
data,5
syncing,5
straight,5
nearly,5
near,5
pieces,5
voice,5
completed,5
complete,5
beginning,5
prop,5
proper,5
natural,5
explain,5
costume,5
happened,5
eos,5
taken,5
provided,5
talented,5
courses,5
perspective,5
besides,5
personally,5
balance,5
beginner,5
alot,5
guide,5
objectives,5
gun,5
weird,5
euros,5
posted,5
filters,5
various,5
power,5
odd,5
pocket,5
afraid,5
submitted,5
pm,5
amazing,5
offering,5
network,5
beautiful,5
theory,5
glow,5
studying,5
external,5
pressure,5
noise,5
audience,5
excited,5
planned,5
indian,5
handheld,5
networking,5
strong,5
tarantino,5
happen,5
perfect,5
weve,5
websites,5
credits,5
stands,5
comfortable,5
allowed,5
particularly,5
random,5
television,5
asus,5
mount,5
webseries,5
telling,5
owned,5
writer,5
reaper,5
fill,5
moon,5
paperwork,5
vintage,5
clue,5
blender,5
closer,5
universe,5
pages,5
digital,5
clog,5
anymore,5
allows,5
ii,5
tiktok,5
animation,5
daily,5
companies,5
musicians,5
purchased,5
communication,5
imagine,5
contest,5
atlanta,5
upset,5
copy,4
podcasts,4
panel,4
hidden,4
lockdown,4
four,4
plug,4
greatest,4
saved,4
sell,4
phase,4
hit,4
wanna,4
palette,4
scout,4
guarantee,4
pointers,4
points,4
graphic,4
searching,4
contracts,4
contract,4
sankor,4
sending,4
videography,4
coverage,4
drive,4
senior,4
crowdfunding,4
convince,4
county,4
absolutely,4
seemingly,4
secret,4
opening,4
pl,4
vhs,4
wisdom,4
parents,4
luca,4
cutting,4
goes,4
costs,4
copyrighted,4
pdt,4
pick,4
luck,4
friendly,4
lucky,4
san,4
arii,4
luts,4
lol,4
drop,4
mac,4
photos,4
grip,4
ok,4
fine,4
machine,4
non,4
ambient,4
apologies,4
upon,4
met,4
multiverse,4
common,4
hell,4
pushing,4
push,4
pursue,4
happens,4
children,4
grade,4
researching,4
chest,4
compare,4
usa,4
psychopath,4
checking,4
designer,4
designed,4
rest,4
restaurant,4
cheaper,4
helped,4
discuss,4
micro,4
nano,4
comment,4
missed,4
modern,4
reference,4
unfortunately,4
clothing,4
recreate,4
recorder,4
acquire,4
monster,4
coffee,4
relevant,4
directly,4
montage,4
diaspora,4
hobby,4
furious,4
heart,4
colleges,4
removed,4
render,4
fund,4
rent,4
rain,4
proxies,4
results,4
samples,4
confident,4
doctor,4
royalty,4
yeah,4
clip,4
premier,4
walk,4
notes,4
valve,4
notice,4
managers,4
noticed,4
consideration,4
practice,4
constantly,4
among,4
powered,4
safe,4
decide,4
agree,4
dollars,4
poster,4
fixed,4
forward,4
mark,4
vague,4
proud,4
marketing,4
return,4
application,4
desert,4
competitive,4
props,4
characteristics,4
proof,4
max,4
rip,4
matte,4
matrix,4
distribution,4
cgi,4
account,4
programs,4
composers,4
dit,4
composition,4
concept,4
dji,4
rough,4
anamorphic,4
demo,4
runner,4
virtual,4
established,4
staying,4
tracking,4
showreel,4
tower,4
lessons,4
therefore,4
bo,4
everyones,4
ads,4
showed,4
solid,4
environment,4
everyday,4
significance,4
gig,4
significant,4
humidity,4
invested,4
examples,4
eventually,4
incredibly,4
shoots,4
songs,4
assist,4
shortfilm,4
broken,4
tilt,4
broadcast,4
ensure,4
supposed,4
enter,4
entering,4
shotgun,4
bigger,4
bn,4
sleep,4
element,4
knowing,4
silent,4
wed,4
smallhd,4
instagram,4
eyes,4
smooth,4
aspect,4
episode,4
equally,4
stunts,4
ton,4
skill,4
lawyer,4
thriller,4
strengths,4
born,4
aspects,4
effective,4
error,4
subjects,4
submissions,4
body,4
store,4
interviews,4
stick,4
evening,4
gift,4
led,4
suddenly,4
austria,4
toronto,4
land,4
wave,4
subtle,4
bbc,4
brain,4
size,4
subreddit,4
exposure,4
importance,4
elements,4
john,4
lighter,4
expect,4
built,4
kill,4
blackmagic,4
familiar,4
awful,4
dumb,4
serial,4
spot,4
exists,4
listen,4
immediately,4
emailed,4
blue,4
exist,4
liked,4
articles,4
impact,4
soundtrack,4
soundtracks,4
adapter,4
teach,4
genre,4
ideal,4
elses,4
technique,4
spec,4
brought,4
technicolor,4
energy,4
technology,4
shit,4
average,4
attached,3
national,3
code,3
compile,3
anxiety,3
interests,3
storyboards,3
naturally,3
proposal,3
werent,3
describe,3
wrapped,3
monitors,3
differences,3
advantage,3
storytelling,3
storyboarding,3
blank,3
needing,3
user,3
began,3
formal,3
beginners,3
concern,3
strict,3
clothes,3
usual,3
genuine,3
gopros,3
accomplish,3
angeles,3
newbie,3
proceed,3
handled,3
universities,3
nervous,3
tip,3
tiny,3
professionally,3
wouldve,3
depth,3
professor,3
negotiate,3
profile,3
behavior,3
forced,3
recorded,3
eye,3
episodes,3
fundraising,3
recommended,3
stores,3
competitions,3
mouse,3
receive,3
bible,3
collar,3
hardware,3
commission,3
hdmi,3
commercials,3
atm,3
developed,3
hasnt,3
multi,3
developing,3
achieving,3
ms,3
dialogues,3
till,3
annoyed,3
bills,3
st,3
jack,3
burnhams,3
answered,3
httpsvimeocomhttpsvimeocom,3
collection,3
itd,3
movements,3
movement,3
mouth,3
rarely,3
stabilization,3
gotten,3
committed,3
english,3
fact,3
filling,3
benefits,3
berlin,3
stock,3
compatible,3
ps,3
gf,3
join,3
whatsapp,3
diego,3
interviewed,3
split,3
montages,3
unless,3
intimate,3
despite,3
reasons,3
reasonable,3
wheel,3
detailed,3
collaboration,3
purposes,3
atomos,3
pursuing,3
engineering,3
writerdirector,3
realized,3
communicate,3
fair,3
england,3
frankly,3
travelling,3
format,3
impossible,3
photoshop,3
via,3
opinion,3
photo,3
youtubers,3
bachelors,3
alternative,3
grant,3
ibis,3
wear,3
import,3
opposite,3
talked,3
textbooks,3
alpha,3
optimized,3
permits,3
costumes,3
pictures,3
newsletter,3
theater,3
band,3
exchange,3
individual,3
theme,3
acceptance,3
suspect,3
exclusive,3
hybrid,3
incredible,3
increasingly,3
switch,3
badly,3
core,3
backwards,3
ontario,3
backup,3
vest,3
ba,3
permission,3
period,3
cpu,3
overall,3
parttime,3
parts,3
overexposed,3
vimeo,3
owner,3
owners,3
culture,3
cultural,3
vinci,3
pac,3
package,3
ignore,3
ten,3
tend,3
idk,3
ideassuggestionsfeedback,3
pass,3
greetings,3
techniques,3
crash,3
finds,3
crackles,3
craft,3
tasks,3
orchestra,3
immediate,3
peers,3
da,3
weather,3
experimental,3
absolute,3
originally,3
iconic,3
finish,3
teaser,3
gridhoneycomb,3
older,3
platform,3
okay,3
hadnt,3
none,3
becomes,3
prepare,3
prep,3
stupid,3
premise,3
modifier,3
norway,3
styles,3
became,3
decides,3
hub,3
beaker,3
nowadays,3
powerful,3
insights,3
ntg,3
thousands,3
connected,3
connect,3
primarily,3
private,3
priority,3
filmschool,3
prior,3
struggles,3
struggling,3
nikon,3
confidence,3
thread,3
pricey,3
confirm,3
essential,3
previously,3
previous,3
essentially,3
confusing,3
subtitles,3
potentially,3
excellent,3
battery,3
accepting,3
bare,3
bar,3
informative,3
hundreds,3
weight,3
theyd,3
dcip,3
explore,3
controlled,3
evidence,3
conversion,3
surely,3
playing,3
oh,3
surface,3
surfing,3
everybody,3
obvious,3
ambience,3
graduation,3
posting,3
successful,3
successfully,3
batteries,3
contacting,3
sucks,3
decades,3
contains,3
dear,3
eva,3
debt,3
pornographic,3
context,3
input,3
death,3
pool,3
moments,3
tilta,3
dive,3
rolling,3
situation,3
fear,3
sized,3
round,3
boy,3
types,3
diy,3
sister,3
massive,3
typical,3
center,3
centered,3
edits,3
robert,3
rs,3
categories,3
risk,3
total,3
legitimate,3
sake,3
legally,3
simpledcp,3
managed,3
addon,3
brands,3
workshops,3
twin,3
twist,3
mandycom,3
focused,3
rules,3
documents,3
material,3
slamdance,3
white,3
lack,3
language,3
lamps,3
effort,3
wait,3
lag,3
resource,3
snaps,3
afterwards,3
eg,3
apparently,3
snow,3
memory,3
elaborate,3
sole,3
smart,3
reverse,3
boring,3
lately,3
gonna,3
acted,3
matters,3
bored,3
changes,3
changing,3
channels,3
mc,3
maximum,3
rfilmmakers,3
apply,3
hot,3
whos,3
distortion,3
workflow,3
signed,3
tough,3
areas,3
season,3
hone,3
sea,3
sd,3
artistic,3
tricks,3
buddy,3
shadows,3
traditional,3
calls,3
added,3
los,3
lightning,3
earlier,3
building,3
trainee,3
wall,3
duluth,3
arrangement,3
sent,3
wireless,3
literary,3
driving,3
agent,3
folks,3
gather,3
arm,3
duration,3
secure,3
dutch,3
london,3
drinking,3
wind,3
ship,3
shitty,3
showcase,3
fog,3
fest,3
letting,3
mad,3
brings,3
capu,3
showing,3
dream,3
words,3
additionally,3
sick,3
tutorials,3
maintain,3
sigma,3
british,3
macbook,3
capacity,3
capable,3
download,3
scenario,3
arts,3
broke,3
female,3
honestly,3
licensed,3
dragon,3
scope,3
win,3
lower,3
lowbudget,3
shogun,3
solely,3
term,3
cine,3
discussion,3
titles,3
remotely,3
unique,3
relative,3
bmpcck,3
sources,3
unexpected,3
somewhere,3
clear,3
mixer,3
anyones,3
rendering,3
city,3
tired,3
rental,3
referring,3
metal,3
adjusting,3
speak,3
apologize,3
unit,3
spare,3
kitchen,3
rehearsals,3
wasted,3
mo,3
key,3
figuring,3
kids,3
anyways,3
force,3
hr,3
blues,3
mid,3
soul,3
hearing,3
worse,3
goofy,3
board,3
min,3
mistakes,3
worries,3
block,3
click,3
choosing,3
database,2
flat,2
keeping,2
library,2
fricken,2
incidents,2
monthly,2
imported,2
lowno,2
kick,2
drawing,2
moreover,2
hypothetically,2
draft,2
operators,2
growing,2
headphones,2
improvement,2
engaged,2
funny,2
honest,2
exercise,2
dangerous,2
growth,2
fish,2
glass,2
mood,2
kept,2
keyboard,2
hectic,2
morning,2
hurt,2
englandbased,2
doubt,2
diameter,2
offloading,2
hiccups,2
gigs,2
japan,2
office,2
offers,2
exact,2
indoor,2
guidance,2
hd,2
offered,2
killer,2
lesson,2
james,2
donate,2
hopes,2
hows,2
doubts,2
directingproducing,2
explains,2
food,2
luminance,2
lut,2
increase,2
gage,2
downloading,2
dates,2
fishing,2
oneman,2
missing,2
engine,2
forwards,2
david,2
india,2
geared,2
indicate,2
gofundme,2
omissions,2
hiding,2
husband,2
finances,2
lie,2
dance,2
opposed,2
overcast,2
holds,2
expected,2
jurassic,2
gobo,2
greener,2
freelancer,2
overhead,2
journey,2
mon,2
garden,2
logistics,2
flaws,2
historical,2
empty,2
curve,2
endings,2
finishing,2
dust,2
loki,2
outlining,2
freelancers,2
freelancing,2
overlay,2
curation,2
diplomas,2
digging,2
hobbyist,2
cuddling,2
identify,2
jump,2
packs,2
lived,2
hmu,2
gods,2
encountered,2
fixing,2
ideally,2
curated,2
lock,2
holder,2
culturalism,2
listing,2
locked,2
junior,2
ignoring,2
ik,2
cumbersome,2
overwhelmed,2
outdoors,2
model,2
outdoor,2
hinge,2
orange,2
limitations,2
heads,2
dinner,2
dvx,2
joining,2
fraction,2
hrs,2
loop,2
dreams,2
implement,2
custom,2
optimistic,2
damn,2
kinds,2
lose,2
experimenting,2
ops,2
grateful,2
implications,2
earn,2
earned,2
follow,2
existence,2
drift,2
mixing,2
otherwise,2
framelines,2
customers,2
farther,2
oscars,2
oscar,2
giving,2
flexible,2
funds,2
firsthand,2
lonely,2
grips,2
employer,2
digitally,2
limiting,2
organize,2
gopro,2
organization,2
feelworld,2
dad,2
ordered,2
directorfilmmaker,2
obsessed,2
majoring,2
investing,2
fittings,2
fifteen,2
intended,2
era,2
discovered,2
depending,2
er,2
maze,2
hang,2
neosounds,2
mcu,2
develop,2
meaning,2
meaningful,2
hotline,2
negative,2
fits,2
measures,2
meat,2
painful,2
effectively,2
hanging,2
extreme,2
figures,2
heat,2
distributing,2
hat,2
fictionfantasy,2
niche,2
demons,2
entertainer,2
multicamera,2
involving,2
involves,2
errors,2
launch,2
hereditary,2
distribute,2
graduated,2
integrity,2
newly,2
fulltime,2
gen,2
fucked,2
intend,2
handles,2
gerwig,2
fucking,2
mediadata,2
face,2
forgotten,2
named,2
dislike,2
musical,2
happening,2
internships,2
disney,2
httpswwwviewconferenceitpageslucahttpswwwviewconferenceitpageslucafbclidiwargqyjkitoxeyuguyzalhjrqmxmtjxpjaoavimrdwrwkomkggxs,2
membership,2
entitled,2
men,2
flight,2
labakis,2
hourly,2
lab,2
interviewees,2
naive,2
desires,2
forgot,2
detailing,2
desktop,2
entry,2
musician,2
dispersed,2
messages,2
lady,2
nasaly,2
fix,2
facing,2
descent,2
nda,2
medical,2
interfere,2
epidemic,2
discussions,2
mediocrity,2
internally,2
forgive,2
grades,2
nc,2
lags,2
meets,2
navigate,2
footing,2
melbourne,2
international,2
ep,2
native,2
fail,2
extras,2
heavier,2
distributor,2
human,2
decade,2
nutrition,2
nurture,2
experiencing,2
forums,2
insert,2
feasible,2
leaving,2
haze,2
king,2
numbers,2
inspiration,2
mannish,2
movierights,2
fi,2
dialog,2
document,2
horrendous,2
march,2
hausu,2
nowhere,2
isolation,2
item,2
focusing,2
nx,2
mandy,2
dolly,2
five,2
inheritance,2
enjoyable,2
legendary,2
hesitant,2
obtain,2
obsession,2
entrylevel,2
makeup,2
hops,2
items,2
dogs,2
events,2
herzog,2
object,2
hazefog,2
nyfa,2
directorscreenwriter,2
insane,2
forest,2
haha,2
leap,2
externally,2
fiction,2
lbs,2
hallway,2
degrees,2
former,2
flying,2
flicker,2
deleted,2
deli,2
muddy,2
layout,2
deliver,2
novice,2
development,2
edt,2
nobudget,2
delivers,2
district,2
lavs,2
ninja,2
generational,2
distributors,2
lavalier,2
flair,2
deeper,2
masterpiece,2
ditch,2
moza,2
mightve,2
lean,2
graduating,2
leads,2
gifs,2
marxist,2
dmx,2
express,2
forum,2
estate,2
extend,2
hosting,2
mp,2
notable,2
mr,2
extended,2
normally,2
flirting,2
mom,2
dedicated,2
genres,2
proart,2
crystal,2
article,2
roads,2
treatment,2
trauma,2
celebrity,2
transmitter,2
translucent,2
arrived,2
cdt,2
transition,2
casual,2
artificial,2
routine,2
routines,2
training,2
train,2
artists,2
rsc,2
catchy,2
cet,2
tree,2
trevorrow,2
arizona,2
cheapest,2
restrictions,2
resume,2
chatting,2
trust,2
chat,2
chase,2
archive,2
reviews,2
archives,2
trip,2
charge,2
rgb,2
rich,2
argument,2
chances,2
rigs,2
tracked,2
toward,2
screenplays,2
scored,2
scholarship,2
schools,2
tinder,2
sci,2
cancel,2
canadian,2
scopes,2
timelines,2
timeline,2
rviewconferencehttpswwwredditcomrviewconference,2
scorer,2
scoring,2
scorsese,2
campaign,2
cameron,2
tight,2
atmosphere,2
screening,2
assuming,2
tipping,2
scenecompositing,2
scare,2
asian,2
røde,2
cars,2
safer,2
safety,2
salaries,2
tons,2
carries,2
assert,2
careers,2
saturday,2
assignment,2
sauce,2
titled,2
saving,2
scale,2
capabilities,2
arab,2
ar,2
tungsten,2
regardless,2
reels,2
references,2
reflector,2
climate,2
refused,2
client,2
annapurna,2
regarded,2
regards,2
aputure,2
uploaded,2
cleopatra,2
cleft,2
updated,2
clearly,2
update,2
rehearsal,2
unusable,2
reduce,2
redditors,2
usd,2
useless,2
reads,2
realistically,2
variety,2
collaborative,2
realtors,2
collaborate,2
reasonably,2
collab,2
valid,2
colin,2
vaccinated,2
rec,2
anderson,2
utterly,2
codyvidalmusiccomhttpscodyvidalmusiccom,2
andor,2
angled,2
relates,2
unpaid,2
releasing,2
cinematics,2
applied,2
cia,2
representations,2
reps,2
chroma,2
apprenticeship,2
choices,2
twice,2
childhood,2
approaching,2
checklist,2
appropriate,2
checked,2
responded,2
stephen,2
response,2
responses,2
ui,2
appearing,2
reliable,2
apotheosis,2
clarification,2
remains,2
remake,2
clap,2
clamp,2
unknown,2
remote,2
union,2
unemployment,2
cities,2
apart,2
apartment,2
aperture,2
underage,2
apologizes,2
apology,2
circuit,2
tia,2
screwed,2
amd,2
sometime,2
surprise,2
suppose,2
solutions,2
supporters,2
bank,2
supply,2
supervisor,2
somehow,2
blurry,2
speaking,2
sunshine,2
barely,2
sundance,2
sorts,2
summary,2
suit,2
bloody,2
blockbuster,2
soft,2
soderbergh,2
bolex,2
bolt,2
sketch,2
skillshare,2
bottom,2
bothered,2
borrow,2
slider,2
boost,2
slightly,2
slogcine,2
slower,2
smartphone,2
switching,2
bag,2
swing,2
bonus,2
baked,2
swe,2
subtitling,2
blimp,2
california,2
starring,2
biographies,2
bin,2
straightforward,2
bell,2
standards,2
bike,2
storyboard,2
starred,2
starter,2
specifications,2
beneficial,2
station,2
beside,2
status,2
stayed,2
beyond,2
sticking,2
steady,2
streams,2
stack,2
stable,2
stabilizer,2
specifics,2
specs,2
spectrum,2
speedbooster,2
sturdy,2
stuntmen,2
becoming,2
studies,2
blah,2
struggle,2
sport,2
spotlights,2
stressed,2
spyderfy,2
stress,2
ssd,2
begins,2
talents,2
sizzle,2
sixweek,2
theatrically,2
setups,2
bump,2
bullshit,2
sex,2
theyve,2
sexual,2
auteur,2
bukowski,2
theaters,2
six,2
thatd,2
shared,2
autistic,2
tfs,2
text,2
sharp,2
auto,2
buck,2
sessions,2
australia,2
bundle,2
burnham,2
cad,2
thursday,2
cable,2
section,2
attempt,2
throw,2
seeking,2
buttons,2
button,2
attending,2
attorney,2
selling,2
semester,2
sends,2
threatened,2
sennheiser,2
tho,2
tethered,2
autofocus,2
btw,2
award,2
significantly,2
teenager,2
tech,2
silhouette,2
teams,2
teaching,2
tbh,2
awhile,2
awkward,2
taught,2
tattoos,2
branch,2
brainstorm,2
sink,2
sitcom,2
sitting,2
baby,2
brief,2
teke,2
sheer,2
brilliant,2
sheffield,2
bts,2
bst,2
testing,2
bruce,2
shift,2
brown,2
teradek,2
broll,2
shop,2
templates,2
template,2
temperature,2
shoulders,2
shouldnt,2
tellings,2
bringing,2
vary,2
bet,2
vegas,2
wonderful,2
afc,2
pixars,2
payment,2
prominently,2
women,2
xr,2
affect,2
preferable,2
progress,2
preference,2
peaks,2
af,2
accountability,2
akin,2
pedals,2
web,2
profession,2
conscious,2
pivot,2
air,2
productive,2
computers,2
promo,2
cop,2
comparing,2
consistent,2
viltrox,2
playlist,2
creature,2
plattforms,2
welcomed,2
plate,2
constructive,2
cooking,2
violent,2
presents,2
complains,2
completion,2
practicing,2
visa,2
acclaimed,2
coordinating,2
proposed,2
actress,2
creativley,2
pre,2
visited,2
creativity,2
wearing,2
affiliate,2
producersfilmmakers,2
confused,2
physical,2
waters,2
photographer,2
conference,2
cousins,2
walking,2
agonies,2
preview,2
counter,2
wow,2
petition,2
per,2
conjuring,2
agency,2
phantom,2
age,2
countryside,2
connection,2
agdvx,2
preschool,2
present,2
wrap,2
physically,2
costly,2
performing,2
preparing,2
premiered,2
aim,2
aiii,2
processes,2
problems,2
aii,2
vrs,2
pink,2
preparation,2
prizes,2
prize,2
vst,2
wage,2
workshop,2
act,2
printed,2
worst,2
worthless,2
worthy,2
conditions,2
perfectly,2
comparison,2
woman,2
passive,2
viable,2
critique,2
ac,2
porn,2
park,2
alternatives,2
adjust,2
adfree,2
address,2
criticism,2
addition,2
vibe,2
whoever,2
yrs,2
quiet,2
adding,2
commentary,2
portable,2
vibes,2
vice,2
plunge,2
videogame,2
participate,2
whose,2
absence,2
willis,2
continue,2
rating,2
political,2
colorists,2
zhiyun,2
crowdfunded,2
wherever,2
colouring,2
colours,2
combination,2
zero,2
crowd,2
comfort,2
combo,2
poor,2
venues,2
continuously,2
amateurish,2
versa,2
comedic,2
whod,2
parallel,2
raise,2
portrayal,2
parody,2
videographers,2
viewing,2
pumping,2
positions,2
allowing,2
viewfinder,2
pulled,2
videomic,2
yesterday,2
views,2
conversely,2
comparable,2
werner,2
passed,2
contacted,2
advanced,2
wellspring,2
psychology,2
plenty,2
wasting,2
commonly,2
purely,2
window,2
pliers,2
vids,2
purchasing,2
whatnot,2
exhibit,1
backed,1
acquired,1
explanations,1
fooddrinks,1
adjustment,1
backdrop,1
acts,1
explanation,1
babysitting,1
backend,1
exhaustion,1
awarded,1
backgrounds,1
adamant,1
explanatory,1
avan,1
exhausting,1
foggy,1
authorized,1
adaptability,1
exiting,1
author,1
explicitly,1
authentic,1
exercises,1
avaliable,1
actresses,1
availability,1
awareness,1
axis,1
activation,1
automated,1
actions,1
existor,1
foleys,1
experiment,1
expendable,1
actionfueled,1
follows,1
exit,1
autosaves,1
expensivehttpswwwinstagramcompcmxvnpnfqd,1
expert,1
folds,1
active,1
avoidcommon,1
adaptor,1
focal,1
actively,1
acs,1
az,1
expecting,1
flynn,1
availabe,1
avg,1
explained,1
adapting,1
followed,1
expertise,1
ace,1
backing,1
accessed,1
beforehand,1
accent,1
erratic,1
errol,1
accept,1
beefcake,1
acceptancerejection,1
es,1
bedsheet,1
español,1
bedroom,1
bed,1
accepted,1
establish,1
accessible,1
fotress,1
establishing,1
accessories,1
beast,1
fortunately,1
estimated,1
fortunate,1
bearing,1
bear,1
bean,1
beachhttpswwwinstagramcompcnghpanund,1
forth,1
forms,1
eternally,1
etiquette,1
beg,1
academy,1
backlight,1
abovetheline,1
environmental,1
franchise,1
bestmost,1
framing,1
aaaaand,1
framerates,1
framerate,1
envisioned,1
bereavement,1
benefit,1
bending,1
bend,1
ableton,1
abomination,1
epic,1
errands,1
ben,1
belt,1
belowtheline,1
beloved,1
fragrance,1
believable,1
belfast,1
bejoy,1
episodic,1
begun,1
academia,1
equivalent,1
foundation,1
academic,1
eu,1
beachhttpswwwindiewirecomwpcontentuploadsneondemonthestilljpg,1
acclaim,1
baggage,1
forfun,1
auteurs,1
balls,1
exciting,1
excitingscarymaybe,1
ballads,1
ball,1
balanced,1
forexamples,1
forever,1
bakedin,1
exclusively,1
excuse,1
bags,1
aces,1
battlefield,1
achieved,1
foremost,1
execute,1
backwall,1
foreign,1
backstory,1
backstage,1
acousticindiefolkmelancholic,1
forefinger,1
backpack,1
executed,1
execution,1
executive,1
backlogged,1
bampo,1
bampw,1
bandswingjazz,1
banerjee,1
europe,1
basterds,1
basics,1
baseball,1
base,1
barvenue,1
event,1
bartendingbookingmanaging,1
barsrestaurants,1
barnier,1
accompanied,1
baristaphilosophy,1
barhttpswwwinstagramcompbcpxolzer,1
accomplished,1
according,1
banter,1
accordingly,1
banned,1
bankrupted,1
accountant,1
accuracy,1
ex,1
accurate,1
bangladesh,1
banging,1
accusing,1
acd,1
bang,1
exceedingly,1
exploit,1
facts,1
adjustments,1
applications,1
firsttime,1
festivaltour,1
apprenticeships,1
festscomps,1
fiance,1
appreciative,1
firstperson,1
alienating,1
fictional,1
appreciation,1
apposed,1
fiddling,1
applies,1
aligned,1
fig,1
approached,1
appears,1
firmware,1
appear,1
appealing,1
firmly,1
fight,1
fighters,1
alive,1
allegorical,1
allocate,1
firm,1
apollo,1
apocalypse,1
apc,1
approachable,1
firsttimer,1
fly,1
architect,1
arnt,1
arms,1
fiveminute,1
arguments,1
ailing,1
feelworldfpro,1
aimcam,1
feelworldfprov,1
feelworldlut,1
feelworldmonitor,1
fees,1
aiming,1
fitting,1
fellowship,1
arc,1
festivalrelease,1
fitness,1
arabs,1
airplane,1
airport,1
airsoft,1
akira,1
aquire,1
alan,1
alaska,1
albert,1
album,1
festivalhttpswwwfirstframeinternationalcom,1
fisherman,1
alien,1
allotted,1
análisis,1
anytime,1
financecollaborate,1
alumni,1
animations,1
animating,1
animate,1
financial,1
animals,1
ama,1
angry,1
filmmakingdirectioncinematographer,1
filmmschool,1
angie,1
anecdote,1
andits,1
filmsand,1
filmschools,1
firewire,1
anders,1
amazingly,1
filmscorporateweddings,1
filmsmusic,1
amy,1
filmspecific,1
ambiguous,1
ambition,1
amour,1
filmvfx,1
amongst,1
americancentric,1
finalcut,1
ambitious,1
financiers,1
anime,1
animelike,1
alternatively,1
filed,1
anxious,1
fired,1
finnish,1
antoine,1
filing,1
finishes,1
antivax,1
filled,1
anticipation,1
antibiose,1
antiasian,1
alm,1
answering,1
anoying,1
anonymous,1
annual,1
filmaker,1
almsot,1
annoying,1
filmicpro,1
announce,1
annihilation,1
finder,1
filmingmanaging,1
filmjournalismstreaming,1
filmlive,1
anna,1
animemanga,1
arrange,1
feelings,1
arranging,1
advertising,1
attempts,1
facebooklike,1
facility,1
adulting,1
factor,1
factory,1
filterfilters,1
attach,1
fades,1
adventures,1
advertisement,1
atomic,1
fails,1
failure,1
advise,1
fantasia,1
aestheticsoverview,1
athletic,1
falling,1
fallout,1
falls,1
false,1
aswell,1
fame,1
fletcherwatson,1
fleshing,1
affairs,1
familys,1
affected,1
astronaut,1
adr,1
faang,1
adore,1
attend,1
fluid,1
export,1
australian,1
flowers,1
exported,1
administration,1
flow,1
exporting,1
austin,1
exposed,1
exposition,1
aussiemelbourne,1
aura,1
ext,1
admission,1
florida,1
auditorium,1
extends,1
extensions,1
audiences,1
florescents,1
atypical,1
attributes,1
attracted,1
admit,1
exudes,1
flirtatious,1
eyeballing,1
adobes,1
fanny,1
fantastic,1
arri,1
aggressive,1
afterword,1
fears,1
asleep,1
asiii,1
ashtags,1
asap,1
arv,1
artsy,1
artstation,1
featurelength,1
featurette,1
february,1
fixerproducercrew,1
artlist,1
aggressiveness,1
faq,1
agitated,1
fixable,1
agreed,1
feedbackcriticism,1
arthouse,1
feedbacks,1
ai,1
feeding,1
arrow,1
aid,1
aide,1
arriraw,1
feelin,1
fiverr,1
asmr,1
fixture,1
aspirants,1
aspirations,1
faqthread,1
assumed,1
fascinated,1
fascinating,1
fasteasy,1
faster,1
flashy,1
fastest,1
affiliated,1
fat,1
father,1
affordable,1
fathers,1
favor,1
associate,1
assisting,1
flashing,1
flashback,1
flash,1
assets,1
afternoon,1
favorites,1
favourite,1
favourites,1
favours,1
assessments,1
assertive,1
flag,1
assembled,1
approved,1
booksarticlesinterviews,1
betrayed,1
comfortably,1
colorist,1
colorize,1
colors,1
combining,1
devote,1
devoid,1
devin,1
devil,1
developmentexec,1
determining,1
comic,1
comics,1
comingofage,1
commandments,1
developer,1
commentaries,1
commenting,1
commentsfeedback,1
colorgrading,1
collecting,1
collected,1
dialogueheavy,1
coedited,1
coherence,1
cohort,1
cohost,1
cold,1
coldest,1
died,1
die,1
dicom,1
dicked,1
dick,1
dice,1
collaborations,1
diary,1
collapses,1
diameters,1
collect,1
commit,1
determine,1
codirected,1
complications,1
described,1
complaint,1
complaints,1
completing,1
complex,1
derivative,1
depts,1
complexity,1
component,1
determination,1
composing,1
compositions,1
comprehensive,1
depths,1
compromise,1
dept,1
depression,1
depot,1
compilation,1
competitor,1
competitiveness,1
competitionsfestivals,1
commitments,1
communicating,1
commute,1
destined,1
comp,1
desperate,1
compact,1
desk,1
companyfire,1
designers,1
compared,1
compensating,1
competence,1
deserves,1
competent,1
competitionhttpswwwinstagramcompbwmzlg,1
description,1
coedit,1
codecs,1
departmentuniversity,1
circumvent,1
discomfort,1
disclosure,1
disclaimer,1
cinematiq,1
cinematographereditor,1
cinematographers,1
circumstances,1
discern,1
disappointed,1
directorsproducers,1
citadel,1
disapears,1
disadvantage,1
disabled,1
dis,1
citizen,1
dirty,1
directorwriters,1
disconnected,1
discover,1
cinemalevel,1
discovery,1
cheesey,1
chicago,1
child,1
displayed,1
chips,1
chloe,1
dispatch,1
chooses,1
christopher,1
disgusted,1
disguised,1
chronologically,1
discussing,1
church,1
discussed,1
cinebloom,1
discretion,1
directorwriter,1
civil,1
co,1
diffusion,1
diner,1
dimmer,1
dimmable,1
dilemma,1
digitising,1
climax,1
clock,1
clogs,1
closed,1
claims,1
closely,1
diffuser,1
club,1
diffrent,1
difficulty,1
clueless,1
differently,1
clunky,1
clicks,1
dip,1
clever,1
diploma,1
clapperboard,1
directorial,1
classical,1
classify,1
directional,1
classroom,1
cleanest,1
cleaning,1
cleans,1
clearance,1
directingediting,1
directingcinematography,1
clearcut,1
clearing,1
dipping,1
dipped,1
cleopatras,1
depicting,1
concepts,1
bey,1
dampen,1
correctly,1
cosplay,1
danny,1
daniel,1
dancers,1
counteract,1
countries,1
court,1
cousin,1
crane,1
cover,1
covering,1
damged,1
daisie,1
crafty,1
craig,1
craigslist,1
dailies,1
corrected,1
coronavirus,1
darkest,1
darkness,1
conversing,1
daylight,1
convert,1
daydeal,1
conveyed,1
convincing,1
convincingly,1
dawoud,1
coordinated,1
coordination,1
daunting,1
copied,1
dated,1
copies,1
copyrights,1
corect,1
coronation,1
dads,1
crank,1
convenience,1
cropping,1
cringey,1
cringy,1
critical,1
curiositys,1
curiosity,1
cup,1
critiquefeedback,1
crop,1
cropscale,1
craziest,1
crossroads,1
crowdfund,1
cult,1
culprate,1
crucial,1
cruising,1
crushing,1
cuda,1
cringe,1
crimetrue,1
curriculum,1
crimes,1
czarska,1
createduploaded,1
cycle,1
cuz,1
creation,1
creatives,1
creator,1
creators,1
customer,1
customcatered,1
credibility,1
crediting,1
crews,1
curved,1
cried,1
curse,1
crimecomedy,1
conversations,1
contributor,1
concerning,1
defeated,1
connecting,1
delas,1
connectionhttpswwwinstagramcompcajbbpohek,1
deity,1
dehancer,1
connector,1
defined,1
defender,1
deeply,1
declines,1
connects,1
deemed,1
deecyphermusicgmailcom,1
conor,1
decrepit,1
decoration,1
consciously,1
decommissioned,1
delicate,1
delivered,1
delivering,1
confuse,1
concerns,1
departments,1
conclude,1
denoise,1
denali,1
conclusion,1
concrete,1
condescending,1
demon,1
demolition,1
condor,1
conducting,1
conflict,1
demme,1
demands,1
demand,1
delivery,1
consecutively,1
consent,1
dc,1
contradictory,1
dean,1
dealt,1
dealswhatever,1
continues,1
deals,1
dealer,1
continuity,1
continuous,1
deadline,1
deck,1
dead,1
dcr,1
dcptype,1
dcps,1
dcpconversion,1
dcpcompatibility,1
contrast,1
contribute,1
continuation,1
contests,1
contentcreator,1
debts,1
consequences,1
considered,1
constant,1
constitutes,1
constraintseven,1
consulting,1
decibels,1
decently,1
consume,1
consumerism,1
december,1
contain,1
decadesold,1
contained,1
containing,1
debut,1
contender,1
checkerboard,1
displays,1
disposal,1
boot,1
bookpdf,1
booksarticlesinterview,1
crypto,1
bookshelves,1
bookyoutubeblog,1
effecthttpswwwyoutubecomwatchvdikirjzbxoampabchannelsonduckfilm,1
booming,1
boomshotgun,1
booth,1
bouncing,1
eerie,1
boredsad,1
borrowed,1
educations,1
borrowing,1
educational,1
boston,1
botched,1
efficiency,1
booker,1
bono,1
efforts,1
boast,1
boat,1
bobfrom,1
electric,1
electives,1
ele,1
eith,1
eight,1
bogdanowicz,1
boggles,1
boids,1
eggs,1
efs,1
bombo,1
bond,1
bone,1
efgtcanon,1
bother,1
bow,1
electroacoustic,1
brolls,1
brighter,1
brightest,1
brilliance,1
eastwood,1
bristol,1
easttown,1
easter,1
brokerage,1
brooding,1
boxes,1
brother,1
ease,1
ears,1
earns,1
earnings,1
brutally,1
bubble,1
eager,1
briefly,1
easytoworkwith,1
eating,1
bride,1
boyfriends,1
editingmixing,1
brainstorming,1
editadd,1
branded,1
breaker,1
edgescorona,1
breakers,1
edge,1
ed,1
breath,1
ectors,1
ect,1
breathing,1
brewing,1
brian,1
ebike,1
boardingetc,1
bnc,1
disproportionate,1
engineers,1
bird,1
birds,1
birthdayhttpsyoutubeoefpatjtu,1
bits,1
biz,1
blackampgreen,1
blackamppurple,1
blackampred,1
blackandwhite,1
enemy,1
engagement,1
blacking,1
blacks,1
blade,1
engage,1
blahthis,1
enforce,1
bland,1
enjoyed,1
biography,1
enjoys,1
enjoythink,1
entrainment,1
entity,1
bias,1
bicepshttpswwwinstagramcompbjccqlvi,1
bicyclelike,1
enthusiasts,1
bicycles,1
entertaining,1
biggishbudget,1
bigintheindieworld,1
enters,1
entered,1
bikes,1
ensued,1
bilateral,1
enormous,1
bill,1
energetic,1
bleak,1
elevate,1
bluish,1
emails,1
blow,1
blown,1
bluecat,1
bluegreen,1
bluerays,1
em,1
elsewhere,1
blumhouselike,1
bleaker,1
bluray,1
blustery,1
elliots,1
elleston,1
elizabeth,1
elfman,1
elevator,1
elevates,1
bloom,1
embarrassing,1
embassy,1
blog,1
endingspsychological,1
endgoal,1
ended,1
encourage,1
encapsulating,1
emulate,1
blessing,1
blew,1
blink,1
employees,1
employee,1
emperor,1
emotional,1
blinks,1
emojis,1
bloco,1
emerging,1
dzyak,1
dynamic,1
bucks,1
cat,1
dollar,1
dogwood,1
carve,1
dogma,1
carved,1
cash,1
casino,1
cassette,1
catalogue,1
caught,1
catalyst,1
catch,1
catching,1
documentation,1
category,1
cateogry,1
documantry,1
cats,1
carryon,1
carry,1
carport,1
dominant,1
capernaum,1
capilano,1
captured,1
doubled,1
capturing,1
dop,1
doors,1
doomy,1
donna,1
careerwise,1
carefree,1
carefully,1
dominican,1
cares,1
carhttpswwwyoutubecomwatchvhmowzcwi,1
caring,1
carpenter,1
caucus,1
doco,1
bucky,1
charitably,1
changed,1
charactercentric,1
charged,1
distorting,1
charges,1
charging,1
distinguished,1
distinct,1
charles,1
causing,1
charlie,1
charliesettlescom,1
distancing,1
distance,1
dissolve,1
cheapish,1
disrespect,1
disregarding,1
challenging,1
challenge,1
chainsaw,1
cgigreen,1
dnd,1
cd,1
cede,1
dmca,1
dm,1
ceiling,1
ceilingwalls,1
celebrities,1
diverse,1
cellphones,1
cement,1
cerfication,1
certified,1
certs,1
disturbing,1
cg,1
cgifabricatedfake,1
downloaded,1
cannon,1
cannibals,1
burning,1
duddleston,1
bunnies,1
dubstep,1
bupkiss,1
bur,1
dua,1
burn,1
dslrnow,1
dryads,1
downloads,1
dry,1
drummers,1
drug,1
drove,1
businesses,1
busy,1
butfrom,1
butterflies,1
dude,1
bummed,1
dunkirk,1
dunningkrueger,1
dying,1
dvds,1
dvdbluray,1
dvd,1
budgetary,1
budgeting,1
budgetsalaries,1
dv,1
duty,1
bulb,1
dutta,1
duties,1
bulbs,1
bulk,1
bull,1
bullettime,1
duplicate,1
butterfly,1
drone,1
drivers,1
campaigns,1
dreamed,1
camtasiasorry,1
draw,1
dramatically,1
dramatic,1
dramas,1
dps,1
cancelled,1
dping,1
cancelling,1
dpeditor,1
candles,1
dozing,1
downtown,1
cannes,1
cannibalistic,1
downside,1
dreamer,1
dreamers,1
driver,1
camerarecording,1
driven,1
buzz,1
dripping,1
buzzing,1
byrkit,1
cabled,1
cake,1
calibration,1
dressing,1
dredge,1
dreamy,1
calling,1
calm,1
cam,1
dreaming,1
camcorders,1
camer,1
francisco,1
ôbayashi,1
franticnervous,1
semiprofessional,1
sfx,1
sfmoma,1
sewage,1
severe,1
seven,1
settle,1
serve,1
sequences,1
separate,1
seo,1
sensors,1
sensitive,1
senses,1
senseless,1
semi,1
shack,1
selves,1
selfproduced,1
selfproduce,1
selfmade,1
selffunded,1
selens,1
seeks,1
seek,1
seedspark,1
securing,1
sections,1
secrets,1
secondary,1
sec,1
sgb,1
shades,1
scrolling,1
sheltered,1
shotscene,1
shotonfilm,1
shortoftheweek,1
shortish,1
shortfilms,1
shortcut,1
shootset,1
shooters,1
shooter,1
shoestring,1
shock,1
ships,1
shes,1
shenton,1
shelf,1
shadow,1
sheep,1
shed,1
shawver,1
shareshow,1
shares,1
shape,1
shames,1
shameless,1
shame,1
shallow,1
shaky,1
shakes,1
shake,1
shady,1
seasoned,1
scriptidea,1
runnerdievirgint,1
samsung,1
scammed,1
scaffolding,1
sc,1
saygreta,1
savings,1
saturation,1
satisfied,1
satisfactory,1
satire,1
sarcastically,1
sank,1
sane,1
sandmarc,1
sanctuary,1
sam,1
scan,1
salvage,1
salty,1
sale,1
salariesbudget,1
sailor,1
safeguard,1
sacrificing,1
ryzen,1
ryerson,1
rusty,1
rushmore,1
rushes,1
rush,1
runs,1
scamming,1
scanner,1
scripthttpswriterscoverflycomprojectsviewebfcaafbaaedourgodswithin,1
scrape,1
scrips,1
screwing,1
screens,1
screenplaystoryboard,1
screenplayidea,1
screenplayhttpsvimeocom,1
screengrabs,1
screened,1
screams,1
screaming,1
screamfest,1
scream,1
scratch,1
scrapping,1
scrap,1
scarce,1
scoured,1
scour,1
scifihorror,1
scientific,1
schwimmer,1
schooling,1
scheduling,1
schedules,1
scheduled,1
schedule,1
scenessequences,1
scaring,1
scares,1
scared,1
shoutout,1
shown,1
shredded,1
sorta,1
spaceship,1
spaces,1
spaceflight,1
spacecraft,1
spaceborne,1
southern,1
south,1
sourroundings,1
source,1
soundstripe,1
soundmixing,1
sounded,1
soundcloud,1
sorted,1
sooner,1
sparing,1
soo,1
sonys,1
sons,1
son,1
someones,1
somedayso,1
someday,1
solo,1
solie,1
solicits,1
soley,1
sold,1
soi,1
softwares,1
span,1
specialize,1
shut,1
square,1
stamps,1
stallone,1
stalkharass,1
stalker,1
stale,1
stain,1
stagesprocess,1
staff,1
stabilizing,1
stabilize,1
stabilisers,1
stabbing,1
srgb,1
squib,1
spreading,1
specializing,1
spots,1
spotify,1
spontaneous,1
sponsor,1
spoilers,1
splashed,1
spite,1
spit,1
spins,1
spielberg,1
spicy,1
spends,1
sped,1
specialspecific,1
society,1
soaked,1
snyder,1
singh,1
skilled,1
ski,1
sketches,1
skeptical,1
skateboards,1
sixth,1
situations,1
sitecontent,1
sinister,1
singperform,1
singlealbum,1
singingplaying,1
singingdancing,1
singing,1
simulation,1
sneak,1
simplicity,1
simpler,1
silvestri,1
silhouettes,1
silence,1
signup,1
signs,1
signing,1
signature,1
sideways,1
sidebyside,1
shyamalam,1
shy,1
shutterstock,1
skillset,1
skimmed,1
skin,1
skit,1
snappy,1
snapchats,1
snapchat,1
snap,1
snackshttpswwwinstagramcompcalfjdhrrl,1
smudges,1
smoothly,1
smoothest,1
smoother,1
smoking,1
smear,1
smartphones,1
smallscale,1
smallmedium,1
slums,1
slingshot,1
slightest,1
sliding,1
slaving,1
slaughter,1
slate,1
slash,1
slap,1
slacker,1
slack,1
sl,1
skydivinghttpswwwinstagramcompbmevxfvsz,1
sky,1
skits,1
runners,1
runemployment,1
producerhow,1
ranch,1
realization,1
realise,1
reactions,1
reached,1
rattling,1
rats,1
ratings,1
rashomon,1
rare,1
rapport,1
rapped,1
rant,1
ransack,1
ranked,1
ran,1
realms,1
ramifications,1
rambo,1
rambled,1
ram,1
raleigh,1
rajkumar,1
raj,1
raising,1
raining,1
railroad,1
radius,1
radio,1
radii,1
races,1
realizes,1
realtor,1
rabbit,1
recorders,1
refresh,1
reflective,1
reflections,1
referred,1
referral,1
redondo,1
redo,1
redhead,1
redesigned,1
recreation,1
recreating,1
recreates,1
recoup,1
recordist,1
reconsider,1
reaperreason,1
recommendation,1
recognize,1
reckons,1
reciever,1
receiver,1
receipts,1
receipt,1
reccomendations,1
reccomend,1
rebranded,1
rebalancing,1
reawakening,1
reassociate,1
reasonnably,1
race,1
quotes,1
rumors,1
promised,1
prostitute,1
prospects,1
prospective,1
proress,1
prores,1
proposition,1
proposings,1
property,1
properties,1
proofing,1
promovideos,1
promotions,1
promotional,1
promos,1
prominent,1
protagonists,1
prokect,1
projection,1
projecthttpsyoutubeynsxlho,1
programme,1
profound,1
profits,1
profitable,1
proficient,1
professionals,1
products,1
productionpreproduction,1
productionpost,1
productionoverall,1
producerwork,1
prostitutes,1
protein,1
quote,1
purest,1
query,1
quentin,1
queens,1
qualityspecs,1
qfssemisfinals,1
qfs,1
qb,1
qampa,1
pvld,1
puts,1
pushup,1
pushed,1
pursuit,1
pursued,1
pure,1
protools,1
puncheshits,1
pullzoom,1
pull,1
published,1
publish,1
publicized,1
publications,1
publication,1
pt,1
psycho,1
psa,1
proxy,1
providing,1
provider,1
refreshing,1
refuse,1
regain,1
rewire,1
riphttpswwwinstagramcompcdmtffqd,1
rigging,1
rigged,1
rifle,1
ridiculously,1
ridiculous,1
ride,1
ridding,1
rid,1
richard,1
rhttpswwwredditcomrscreenwritingfilmmakers,1
reznor,1
rewrites,1
rewired,1
rewatched,1
ripping,1
revive,1
reviewsunboxing,1
reviewhttpswwwyoutubecomwatchvgantgatchjo,1
reviewers,1
reviewed,1
revenge,1
retrospective,1
retaining,1
retailers,1
restored,1
restaurants,1
ressourcesbooks,1
responsibilities,1
respective,1
ripped,1
rising,1
regaining,1
roninsc,1
rule,1
ruining,1
ruin,1
ruben,1
rubber,1
rtx,1
rpornhubcomments,1
royale,1
route,1
rounds,1
rounded,1
ropes,1
rooms,1
rookie,1
ronins,1
risky,1
roll,1
rolecredit,1
rokinon,1
roi,1
rods,1
rocksolid,1
rock,1
robotic,1
robot,1
robinhood,1
robber,1
roadtrip,1
rmfirstframe,1
riverside,1
respectful,1
respect,1
resourceful,1
releases,1
rené,1
rentbuy,1
renowned,1
renders,1
removal,1
reminds,1
reminder,1
reminded,1
remembering,1
relying,1
reloaded,1
relies,1
reliant,1
reliability,1
relaxing,1
resort,1
relaxed,1
relationships,1
relate,1
rejected,1
rehearse,1
regulations,1
regularly,1
regretting,1
regret,1
regress,1
registering,1
registered,1
region,1
regenerated,1
rep,1
repair,1
repairing,1
replace,1
resonating,1
resolution,1
resign,1
reshoot,1
reserved,1
researchthere,1
rescue,1
requirements,1
requests,1
requested,1
reputationexperience,1
reputation,1
reputable,1
repurposing,1
repurposed,1
republic,1
representation,1
repped,1
repost,1
reports,1
reportingstyle,1
reporting,1
reporter,1
replies,1
replicating,1
replicated,1
replacements,1
replacement,1
replaced,1
standits,1
standpoint,1
standthe,1
vast,1
versus,1
versions,1
verses,1
verite,1
verbiage,1
venue,1
vent,1
venize,1
venice,1
vendor,1
vein,1
veil,1
vegetables,1
vastly,1
variance,1
veteran,1
variables,1
vanity,1
vanished,1
vancouver,1
van,1
vamount,1
valleyjoshua,1
vaguely,1
vacuum,1
vaccinations,1
uuu,1
utrevityger,1
utilizes,1
utilize,1
vessel,1
vfxd,1
ustka,1
violations,1
voicetell,1
voiceover,1
voicemails,1
vod,1
vocals,1
vlogsday,1
vlog,1
vivid,1
visualizes,1
visualize,1
visitor,1
visible,1
virgin,1
violence,1
violation,1
vicious,1
vignette,1
vigilante,1
viewers,1
viewed,1
viewdistortion,1
vienna,1
videoproject,1
videomicro,1
videohttpsyoutubesgzynihk,1
videohttpswwwinstagramcompcmmmxiugpbutmsourceigwebcopylink,1
videographer,1
videoclip,1
vid,1
victor,1
utakenbydeletedac,1
usneakymarco,1
stars,1
underexposed,1
uninspired,1
unified,1
unhinged,1
unheralded,1
unewyorkfromlive,1
unedited,1
undesirable,1
underwent,1
undertones,1
understated,1
understandhow,1
underground,1
undergrads,1
undergo,1
underestimating,1
unityelectricproductionscomhttpsunityelectricproductionscom,1
uncover,1
uncomfortable,1
uncertainty,1
unboxinghttpswwwyoutubecomwatchvwcqmcfhsrcc,1
unboxing,1
umousieeeee,1
ultra,1
ultimately,1
ultimate,1
ulibraryappropriate,1
ukhttpswwwscancoukproductsasusproartpaqvwuxgaipssrgbrecxmsdphdmivga,1
uiliketelevision,1
ugly,1
uevildaystar,1
units,1
universal,1
usethankyou,1
upload,1
users,1
username,1
usages,1
usage,1
usable,1
ursa,1
urban,1
ur,1
upwards,1
upward,1
upubgmmightyfine,1
upstairs,1
ups,1
upper,1
upfront,1
unknowingly,1
updating,1
unwatchable,1
untold,1
unsure,1
unsolicited,1
unsane,1
unresponsive,1
unproduced,1
unpredictable,1
unplug,1
unloaded,1
unlimited,1
unlikely,1
unlike,1
void,1
volkswagen,1
volunteer,1
worlds,1
wu,1
writtenproducedfilmed,1
writingstory,1
writingreading,1
writingdirectingcinematography,1
writingcreative,1
writeshoot,1
writerdirectorproducer,1
wrists,1
wrist,1
wrangler,1
worthlessness,1
worriedcurious,1
worldwide,1
workhorse,1
ww,1
worker,1
workbench,1
woops,1
woods,1
wooden,1
wood,1
wondered,1
wombono,1
womans,1
woke,1
wobbles,1
witoutch,1
withouth,1
withgeneral,1
wuxga,1
wwwanaperaltachongcomhttpswwwanaperaltachongcom,1
volunteering,1
youd,1
zone,1
zombies,1
zhao,1
zcams,1
zcam,1
zack,1
yucca,1
ytfb,1
yters,1
yt,1
youtubetik,1
youtubehttpsyoutubekuivfkipg,1
youtubehttpswwwyoutubecomwatchvbsfqnevykv,1
youtubehttpswwwyoutubecomplaylistlistplfhbnmisrzmvdxxvypuqttrdefa,1
york,1
wwwdehancercomhttpswwwdehancercom,1
yo,1
yellow,1
yello,1
yelling,1
yearsi,1
yearolds,1
yearold,1
yeahtheres,1
xx,1
xthttpswwwvisionscacataloguecategorydetailsaspxproductidampcategoryidampgclidcjkcqjwhefbhdzarisalhjikdqjhaavgeunlagvscncisaguftobkfmsljsquysbaaascealwwcb,1
xp,1
xenvo,1
wwwstockmusichubcomhttpswwwstockmusichubcom,1
wwwsoundcloudcomoutsiderswwihttpswwwsoundcloudcomoutsiderswwi,1
wish,1
wise,1
winter,1
warp,1
wedding,1
websitesapps,1
websitehttpuakathachitracomjosefborningrace,1
websitehttpswwwourgodswithincom,1
webpage,1
weaknesses,1
weak,1
waypoint,1
waveform,1
watson,1
waterfall,1
wassadlyeliminated,1
wary,1
warpgate,1
warning,1
winning,1
warlock,1
wardrobe,1
war,1
wannabe,1
walls,1
walkthrough,1
walkie,1
walker,1
wakes,1
wake,1
waiter,1
wahey,1
vows,1
voting,1
weebil,1
weekends,1
weekly,1
weighted,1
winners,1
wings,1
wing,1
windy,1
williams,1
willed,1
wildly,1
wig,1
width,1
wider,1
widely,1
whove,1
whim,1
whilst,1
whichever,1
whereas,1
whenever,1
wheels,1
whatsoever,1
wga,1
wetting,1
wet,1
westminster,1
west,1
wes,1
werewolves,1
wereuse,1
wellorganized,1
wellknown,1
uevelioandzgroup,1
udavidj,1
udarthawesome,1
supercardioid,1
survive,1
survival,1
surve,1
surrealistic,1
surreal,1
surprisingly,1
surprising,1
surprised,1
surfingrelated,1
supports,1
supporting,1
supported,1
supplied,1
supervision,1
sunset,1
suspects,1
sunny,1
sunglasses,1
sun,1
summaryso,1
suits,1
suite,1
suitable,1
suicide,1
suggesting,1
suggested,1
suffers,1
sue,1
sudden,1
sucked,1
susant,1
svanik,1
teamwork,1
tackling,1
tea,1
tb,1
taylor,1
taxi,1
task,1
targeting,1
taped,1
talks,1
tale,1
takedown,1
takeaways,1
tails,1
tailored,1
tact,1
tackle,1
sweeper,1
tablet,1
ta,1
systems,1
synthy,1
synopsis,1
synced,1
symmetric,1
symbolism,1
sylvester,1
sydney,1
sxsw,1
swings,1
swim,1
sweet,1
suck,1
succumb,1
succeeding,1
stitch,1
straining,1
storytime,1
storylines,1
storyidea,1
storyhttpsitsforthestorycom,1
storyboardfloor,1
storr,1
storms,1
stopping,1
stopped,1
stonks,1
stone,1
stocksy,1
stockhttpswwwinstagramcompckuuyndm,1
stipend,1
suburban,1
stian,1
steven,1
steep,1
steel,1
steam,1
steadicam,1
statues,1
staticky,1
static,1
states,1
statement,1
stasbourg,1
startup,1
startled,1
strange,1
strangers,1
strap,1
streamer,1
substitute,1
subscriptions,1
subscription,1
subscribing,1
subscribers,1
subrat,1
submersible,1
subjective,1
subgenre,1
stylized,1
stylistic,1
styling,1
stunted,1
stunning,1
studiestheory,1
studied,1
stubborn,1
struggled,1
structured,1
structure,1
strongly,1
stronger,1
strobes,1
string,1
stretch,1
stressing,1
streight,1
streets,1
streetlights,1
teachers,1
teen,1
ubangladeshiswamphen,1
trackmixer,1
traveling,1
transported,1
transportation,1
translatorsubtitler,1
translating,1
transitions,1
transitioning,1
transitioned,1
transfer,1
transcoded,1
trained,1
trailerhttpsyoutubelcjoenkxq,1
trades,1
trackssamples,1
toxic,1
treat,1
town,1
tourist,1
touching,1
totals,1
tos,1
torontogta,1
torch,1
topshelf,1
topnotch,1
tooth,1
toolprogram,1
toolkit,1
tongueincheek,1
tongue,1
treasure,1
treated,1
teenage,1
tuesday,1
uanightbetweenlives,1
typography,1
typo,1
twoday,1
twilight,1
twiceeach,1
twentyfive,1
twenty,1
twelve,1
tvshows,1
tva,1
tutors,1
turners,1
turnaround,1
tubi,1
treats,1
truthfully,1
trulyindependent,1
truckloading,1
truck,1
trips,1
tries,1
tricky,1
trickery,1
trick,1
tribute,1
tribeca,1
trial,1
trevor,1
trent,1
tonally,1
tomorrow,1
tokyo,1
thankfully,1
thousand,1
thoughtscritiques,1
thomas,1
thishttpswwwthomanndefrsennheiserewpggbbandhtmglpampgclideaiaiqobchmipfxpkdqivchogabyxwyfeaqyasabeglyvdbwe,1
thishttpswwwamazonitneewertreppiedetransportofotocameradpbnjcwfrefsrmkititcmccbdccampdchildampkeywordscamerabtripodampqidampsrampth,1
third,1
thinks,1
thingy,1
thingsknick,1
theyll,1
thered,1
theories,1
themes,1
thematically,1
texas,1
tok,1
tests,1
territory,1
terrible,1
terminated,1
terminate,1
tents,1
tense,1
tenet,1
tendonitis,1
telescoping,1
teleport,1
telephoto,1
teeth,1
teenagers,1
threads,1
threatening,1
threequestion,1
thrill,1
toil,1
toes,1
toe,1
todays,1
tldrw,1
tittles,1
titel,1
titanic,1
tipssuggestions,1
tipsgood,1
tint,1
tinge,1
timeresources,1
timecode,1
timebeing,1
til,1
tightens,1
tied,1
ticket,1
ti,1
thx,1
thus,1
thumb,1
thrown,1
throwback,1
throughs,1
throes,1
thrillers,1
thrillerhorrorscifi,1
producerstudios,1
producedirect,1
fraud,1
instagramcomdeexypher,1
integration,1
integrated,1
int,1
insuring,1
insure,1
instrumentalist,1
instrumental,1
instructor,1
instructional,1
instructing,1
institutons,1
instances,1
instance,1
installation,1
inspo,1
intense,1
inso,1
insisted,1
insightssuggestionswarnings,1
inset,1
insecurity,1
insanely,1
ins,1
inquiries,1
inquired,1
inputting,1
initiatives,1
initially,1
ingredients,1
inglourious,1
intending,1
intention,1
informations,1
intuition,1
isbut,1
irony,1
ironic,1
iron,1
irl,1
ips,1
iphones,1
ipad,1
involve,1
invitational,1
investors,1
investigation,1
invaluable,1
invalid,1
introspective,1
intentions,1
introspection,1
introduce,1
intro,1
interviewing,1
interrupted,1
internship,1
interned,1
intermediate,1
interference,1
interchangible,1
interchangeably,1
interchangeable,1
interacts,1
interacted,1
ingested,1
infomercial,1
httpsyoutubectouspnihttpsyoutubectouspni,1
hypnotic,1
illusion,1
illness,1
illadvised,1
ignores,1
idling,1
ideation,1
ideatheres,1
idealslightly,1
icecream,1
icaf,1
ibisoss,1
iamamiwhoami,1
hz,1
hypothetical,1
hypervolt,1
illustrates,1
hyperlapse,1
hypercritical,1
hurts,1
hunt,1
hunger,1
humble,1
hugs,1
hugely,1
httpsyoutubeztobwwras,1
httpsyoutubezmfufvfhbuehttpsyoutubezmfufvfhbue,1
httpsyoutubezfdlmfoys,1
httpsyoutubeswgq,1
httpsyoutubesbfnopmtbhttpsyoutubesbfnopmtb,1
httpsyoutubelaukyruknehttpsyoutubelaukyrukne,1
illusionhttpsyoutubewifrijy,1
illustration,1
influencerhttpswwwinstagramcompbsvcfru,1
independentnobudget,1
influence,1
inexperienced,1
inexpensively,1
inexpensive,1
inevitable,1
ineligibility,1
industries,1
induces,1
indoors,1
indo,1
indigenous,1
indies,1
indiegogo,1
indesign,1
indefinitely,1
illustrations,1
includes,1
incentives,1
incentive,1
improvements,1
improved,1
improv,1
impression,1
impose,1
importantly,1
impacts,1
imovie,1
immensely,1
imessage,1
imaginary,1
ish,1
isolate,1
isopure,1
lebanon,1
libraries,1
liberally,1
letter,1
leo,1
lensesone,1
lensese,1
lemme,1
legalize,1
legality,1
legacy,1
leg,1
leds,1
lectures,1
lebowski,1
leaves,1
licensor,1
learns,1
leant,1
league,1
lazy,1
layman,1
layering,1
laws,1
lavshow,1
launchday,1
laughed,1
laugh,1
lasting,1
lasted,1
lapse,1
licenses,1
lied,1
issued,1
lined,1
literature,1
literal,1
lit,1
listening,1
listeners,1
listed,1
lipa,1
lions,1
linktree,1
linklater,1
linkedin,1
linkad,1
lingering,1
lineup,1
limits,1
lifei,1
limitation,1
limit,1
limburg,1
limbo,1
likes,1
likeable,1
lightspectrum,1
lightroom,1
lightingand,1
lifting,1
lift,1
lifetime,1
lifestyle,1
lifelong,1
lapel,1
landline,1
lamp,1
joseph,1
kazan,1
kaufman,1
kate,1
kane,1
justified,1
jumpstart,1
jumps,1
july,1
judged,1
judge,1
joy,1
journalist,1
journalism,1
jourdan,1
josef,1
lambs,1
jonathan,1
jokers,1
joke,1
johns,1
jogia,1
jk,1
jimmy,1
jim,1
jill,1
jerryabatte,1
jealousy,1
jar,1
jamming,1
itll,1
keen,1
keeps,1
keratin,1
keying,1
laidback,1
lad,1
laboroflove,1
labor,1
kwakhttpswwwimdbcomnamenmrefttcldr,1
kurosawa,1
kuleshov,1
kubrick,1
kossi,1
kong,1
kombat,1
knockoff,1
knobs,1
knives,1
knife,1
knew,1
knackssentimental,1
kleon,1
kiwi,1
kitten,1
kits,1
kit,1
kindadont,1
kimmel,1
kimleo,1
killed,1
kickstarter,1
kicked,1
keys,1
httpsyoutubediukypwhttpsyoutubediukypw,1
httpsyoutubebtzyzjy,1
processing,1
gold,1
grandfather,1
grand,1
grainy,1
graham,1
graduates,1
grad,1
graceimdbhttpswwwimdbcomtitlett,1
grabs,1
grab,1
gotta,1
googlelike,1
goodnight,1
goodness,1
goldmaking,1
god,1
granted,1
gme,1
glue,1
glows,1
glossy,1
gloomy,1
globe,1
glidecamstedicam,1
glare,1
glad,1
girls,1
girlfriend,1
girl,1
gimme,1
ghgtviltrox,1
grandiose,1
grants,1
germany,1
gtx,1
halogen,1
hallams,1
halfway,1
halation,1
haiku,1
hack,1
habits,1
gussied,1
gunshot,1
guitarbased,1
guilty,1
guidelines,1
guesses,1
guerilla,1
gruesome,1
grasp,1
grow,1
ground,1
gross,1
grit,1
grindcore,1
grid,1
grey,1
greta,1
greg,1
greenscreen,1
greenlight,1
greats,1
gravity,1
gratification,1
getty,1
georgia,1
httpsyoutubebnzejqklaqhttpsyoutubebnzejqklaq,1
fruitless,1
function,1
fullymade,1
fuller,1
fulfilled,1
fulfill,1
fujifilm,1
fuckton,1
fuck,1
fs,1
frustrations,1
frustrating,1
frustrated,1
fruitvale,1
fruits,1
frugality,1
fundamental,1
frightfest,1
fridge,1
freshman,1
freshly,1
fresh,1
frequently,1
french,1
freeze,1
freevoluntary,1
freestyle,1
freelance,1
freefall,1
freaked,1
fraudulent,1
functions,1
fundamentals,1
george,1
gathering,1
geographic,1
genuinely,1
genretechnique,1
geniuses,1
genius,1
generosity,1
generator,1
generate,1
generalized,1
gels,1
gelderland,1
gein,1
gears,1
gb,1
gathered,1
funded,1
gateway,1
gas,1
garbage,1
gamesadsfilms,1
galaxy,1
gagas,1
gaffers,1
gaffergrip,1
fusion,1
furthermore,1
furthering,1
furniture,1
funk,1
fundings,1
handbrake,1
handbraked,1
handheldgopro,1
httpsdocsgooglecomformsdefaipqlsczgkvrznckiijofuhlgvyankgzlbfyuuvevqkgviewformuspsflinkhttpsdocsgooglecomformsdefaipqlsczgkvrznckiijofuhlgvyankgzlbfyuuvevqkgviewformuspsflink,1
httpssimpledcpcomtechnicalguidelinessubmissionguidelines,1
httpsresearchtypeformcomtougmrohttpsresearchtypeformcomtougmro,1
httpspreviewredditwmtduvjpgwidthampformatpjpgampautowebpampsaefabffcecaff,1
httpspreviewredditkzknupuojpgwidthampcropsmartampautowebpampsacebadcdabefhttpspreviewredditkzknupuojpgwidthampcropsmartampautowebpampsacebadcdabef,1
httpspreviewreddithsxxuetlujpgwidthampformatpjpgampautowebpampsbfaedfabccbddebdefcc,1
httpspreviewredditdsouihpngwidthampformatpngampautowebpampsccaebadebfacea,1
httpspreviewredditcrkhbruojpgwidthampcropsmartampautowebpampsabecbeeaefffehttpspreviewredditcrkhbruojpgwidthampcropsmartampautowebpampsabecbeeaefffe,1
httpsnonosennheisercombroadcastwirelesslavaliermicrophonesetewpghttpsnonosennheisercombroadcastwirelesslavaliermicrophonesetewpg,1
httpsnettskjemanoaautismhttpsnettskjemanoaautism,1
httpsimgurcomambvwthttpsimgurcomambvwt,1
httpsimgurcomakzgrtohttpsimgurcomakzgrto,1
httpsimgurcomafgdnjphttpsimgurcomafgdnjp,1
httpsiimgurcomjpukbmjpghttpsiimgurcomjpukbmjpg,1
httpshdlahttpshdla,1
httpsdocsgooglecomformsdefaipqlscdfvcrzibguqwiafhzupmkyirztekpwestmwviewformuspsflink,1
httpstinyurlcomrequestjoseflink,1
httpsdaydealcomhttpsdaydealcom,1
httpscovidlovehttpscovidlovefbclidiwarwforgiczgfyzqfvzcfpnwrxyzgpgxbmkenzrzzpuwvzhc,1
httpscorneliusjuliusbandcampcomalbumdontknowweredyingdontknowwereborn,1
httpsamzntosnndko,1
howd,1
housing,1
houses,1
household,1
housefirm,1
hosted,1
host,1
horizon,1
hop,1
hook,1
httpsthefakefluencermoviehttpsthefakefluencermovie,1
httpsvimeocomahabmullicklifthttpsvimeocomahabmullicklift,1
handhelds,1
httpswwwyoutubecomwatchvgcoqpwdsihttpswwwyoutubecomwatchvgcoqpwdsi,1
httpswwwyoutubecomwatchvzvjrlgiukampabchannellifelessonswithluishttpswwwyoutubecomwatchvzvjrlgiukampabchannellifelessonswithluis,1
httpswwwyoutubecomwatchvzdwxddoghttpswwwyoutubecomwatchvzdwxddog,1
httpswwwyoutubecomwatchvxuqnwaibbf,1
httpswwwyoutubecomwatchvumtmfxikkyhttpswwwyoutubecomwatchvumtmfxikky,1
httpswwwyoutubecomwatchvulxwedqw,1
httpswwwyoutubecomwatchvrxzdojinq,1
httpswwwyoutubecomwatchvrvsmklq,1
httpswwwyoutubecomwatchvojvicbhuhttpswwwyoutubecomwatchvojvicbhu,1
httpswwwyoutubecomwatchvnqtlcaaimampabchannelomeletohttpswwwyoutubecomwatchvnqtlcaaimampabchannelomeleto,1
httpswwwyoutubecomwatchvmbqrcbyhttpswwwyoutubecomwatchvmbqrcby,1
httpswwwyoutubecomwatchvloeyhmrpahttpswwwyoutubecomwatchvloeyhmrpa,1
httpswwwyoutubecomwatchvkxzgnpqhttpswwwyoutubecomwatchvkxzgnpq,1
httpswwwyoutubecomwatchvkcnuwzfuyhttpswwwyoutubecomwatchvkcnuwzfuy,1
httpswwwyoutubecomwatchvhrxavhrmhttpswwwyoutubecomwatchvhrxavhrm,1
httpswwwyoutubecomwatchvgbrgwdaws,1
httpswinterfilmawardscomfilmmakereducationweekjunhttpswinterfilmawardscomfilmmakereducationweekjun,1
httpswwwyoutubecomwatchvecozniqyhttpswwwyoutubecomwatchvecozniqy,1
httpswwwyoutubecomchanneluczdnsfluriumdwryaukwghttpswwwyoutubecomchanneluczdnsfluriumdwryaukwg,1
httpswwwvisionscacataloguecategorydetailsaspxproductidampcategoryidampgclidcjkcqjwhefbhdzarisalhjikenogxnrsmdlqgyyvkkniijukvgvezrufipmzdaewidfiaaqgfealwwcb,1
httpswwwsaramoniccomproductblinkbtxtxrxhttpswwwsaramoniccomproductblinkbtxtxrx,1
httpswwwsandmarccom,1
httpswwwrodecommicrophoneswirelesswirelessgohttpswwwrodecommicrophoneswirelesswirelessgo,1
httpswwwredditcomrtwistedfilms,1
httpswwwlondondrugscomnikonzdxmirrorlesscamerawithmmvrlenskitlhtmlgclidcjkcqjwhefbhdzarisalhjikckfcuqkpdbdzhrrodksmdxikonrrfepojkrutskuokpmytaaaidhealwwcbampgclsrcawds,1
httpswwwinstagramcomtvcoxirntjskutmmediumsharesheet,1
httpswwwhollywoodreportercomvideocinematographerroundtablerobertrichardsonrogerdeakinscalebdeschanelhttpswwwhollywoodreportercomvideocinematographerroundtablerobertrichardsonrogerdeakinscalebdeschanel,1
httpswwwfilmicprocomproductscinekit,1
httpswwwcreworthcomhttpswwwcreworthcom,1
httpswwwbbccouknewsuk,1
httpswwwartstationcomartworkdxlhttpswwwartstationcomartworkdxl,1
honoured,1
hong,1
honeycomb,1
headaches,1
hence,1
helsing,1
helpfuli,1
helios,1
heikki,1
height,1
heavymetal,1
heavily,1
heaven,1
heated,1
healthy,1
health,1
headphone,1
headfirst,1
hdrpq,1
homeworkstudying,1
hbos,1
haunted,1
hats,1
hates,1
hated,1
hasselblad,1
hashtags,1
harrowing,1
harris,1
hardwork,1
hardly,1
hangs,1
handycam,1
handson,1
hepful,1
herehttpsimgurcomattgkava,1
herehttpsleosubstackcom,1
herehttpswwwbuzzsproutcomannaczarska,1
homelessness,1
homegrown,1
homage,1
hollow,1
holes,1
hole,1
hohem,1
hobbytype,1
hn,1
hitting,1
hiphopbig,1
hip,1
hill,1
hijacking,1
hii,1
highschool,1
highquality,1
highlights,1
highlight,1
highend,1
hide,1
hiatus,1
heyi,1
hesitating,1
hertfordshire,1
heroes,1
herehttpswwwyoutubecomwatchvxdgizqvhjs,1
herehttpswwwinstagramcomtayamusic,1
herehttpswwwinstagramcompcpnyezpkjutmsourceigwebcopylink,1
liveaction,1
livestreaming,1
llc,1
owning,1
paqv,1
papers,1
paper,1
panorama,1
pan,1
palestinians,1
pal,1
painstaking,1
paing,1
pagehttpswwwinstagramcomshnarbis,1
pagehttpssoundcloudcomshnarbis,1
pack,1
paced,1
owns,1
ownership,1
paraded,1
owe,1
overwhelming,1
overshttpswwwyoutubecomchanneluctxxwjgfvdoqoqpkjw,1
overprice,1
overlooked,1
overlook,1
overlapping,1
overlap,1
overkillseriously,1
overconstructed,1
outsourcing,1
outsider,1
outputting,1
outdated,1
parabolic,1
paragraph,1
otherwisefor,1
patronizing,1
peak,1
pd,1
pcs,1
pcmacdesktoplaptop,1
pays,1
payments,1
payed,1
paye,1
paycheck,1
pax,1
pavkaging,1
pause,1
paula,1
paul,1
patches,1
paranormal,1
pastel,1
passivity,1
passing,1
passage,1
pas,1
party,1
partnership,1
partnersclients,1
partnering,1
partly,1
partially,1
parking,1
parisi,1
parental,1
outback,1
oss,1
ln,1
obscure,1
offense,1
offend,1
odds,1
october,1
oct,1
ocean,1
occasionally,1
occasional,1
obvius,1
obvisuly,1
obtained,1
obsessively,1
obsessive,1
observe,1
obscenity,1
officially,1
obscene,1
obligatory,1
nye,1
ny,1
nvidia,1
nutshell,1
nuts,1
nut,1
nurse,1
numerous,1
nuijens,1
nucleus,1
nuances,1
novels,1
offices,1
ofs,1
osmo,1
opitunitities,1
orville,1
orm,1
originals,1
organizing,1
organized,1
organised,1
oregon,1
orechestra,1
orchestration,1
orca,1
optional,1
optimal,1
optical,1
opted,1
operating,1
oled,1
operates,1
operate,1
opened,1
onset,1
onoff,1
onnalee,1
onlinequestionnaire,1
ongoing,1
oneway,1
onethank,1
oneoff,1
onehttpswwwikeacomesesptertiallamparaflexotrabajogrisoscuroutmsourcegoogleamputmmediumcpcamputmcampaignshopbriluminacicbnyelectrcbnicaampgclidcjwkcajwzagbhboeiwapfpqmlsquplhfdgjghjailepnrgerqoosvvtbpacnavjwhocuqavdbweampgclsrcawds,1
omeleto,1
oliver,1
peanuts,1
peddle,1
peer,1
positioned,1
practicalprop,1
practically,1
powers,1
powerplay,1
powerdewise,1
powerbeats,1
poured,1
postpostproduction,1
postpone,1
postcovid,1
postaudio,1
postask,1
possibility,1
positionhttpswwwinstagramcompcaurdjfbul,1
portrays,1
practices,1
portrayals,1
portraits,1
port,1
por,1
popularity,1
popcorn,1
pop,1
pond,1
pollhttpswwwredditcompolloix,1
polite,1
policy,1
poland,1
poker,1
pointsource,1
practiced,1
precious,1
penny,1
prevail,1
problematic,1
prix,1
priorities,1
print,1
principal,1
primer,1
primary,1
prima,1
pricing,1
priced,1
previs,1
prevention,1
prevent,1
prevalent,1
prestigious,1
precise,1
pressuring,1
pressing,1
preserving,1
preserves,1
presenter,1
prepro,1
prepping,1
premium,1
premade,1
pregnancy,1
preface,1
predecided,1
precovid,1
precision,1
pointed,1
poems,1
pms,1
phantompreamps,1
pics,1
picks,1
pickle,1
picked,1
piano,1
physics,1
photogs,1
photographed,1
phoenix,1
philosophy,1
phenomenal,1
phds,1
phdcandidate,1
phd,1
perspectives,1
plugs,1
personalize,1
personalization,1
personalities,1
permitting,1
permit,1
permanent,1
periods,1
perfume,1
performed,1
performances,1
perfection,1
percentage,1
percent,1
peoples,1
pictured,1
pictureshttpswwwimdbcomcompanycorefttcoco,1
pilot,1
pilots,1
plugins,1
plugin,1
plugged,1
plotlines,1
plotline,1
plex,1
pledge,1
pleasantly,1
plays,1
player,1
played,1
plattform,1
plastic,1
plant,1
planningchecklist,1
planing,1
plane,1
plagiarism,1
placements,1
pivoting,1
pitfalls,1
pitches,1
pit,1
pisspoor,1
pique,1
pipes,1
pinned,1
pinkblue,1
pinholes,1
novel,1
notified,1
noticing,1
matchcut,1
meditative,1
medicine,1
meats,1
measuring,1
mcdonalds,1
mccandlish,1
mazda,1
mayearly,1
maximize,1
mature,1
math,1
mates,1
materials,1
matchcuts,1
masterpieces,1
mediums,1
mastered,1
masterclass,1
master,1
massage,1
massacre,1
mass,1
masked,1
mary,1
mars,1
married,1
marketplace,1
mare,1
marcel,1
mapped,1
medium,1
meetings,1
militaristic,1
methods,1
mile,1
milanote,1
midnight,1
midi,1
midgardsormen,1
middlehigh,1
midbudget,1
micsprobably,1
micon,1
michelle,1
michael,1
mgm,1
metrics,1
meticulously,1
meteorology,1
mehttpsblcklstcomprofilealexluprete,1
meteorologistmultimedia,1
metacommentary,1
messy,1
messed,1
messaging,1
merida,1
merged,1
merely,1
mentioning,1
mention,1
mentally,1
mental,1
memos,1
melodramaticwooden,1
manufacturer,1
manufactured,1
manually,1
longtime,1
lowpaid,1
lowlying,1
lowly,1
lowlight,1
lowcost,1
loving,1
loves,1
lover,1
lovely,1
loved,1
loud,1
loosens,1
loopholes,1
longwinded,1
longshutter,1
mannerisms,1
longform,1
lone,1
loglines,1
logline,1
logitech,1
logical,1
lofi,1
lodged,1
locking,1
lockdowns,1
lobster,1
loaned,1
loaders,1
loader,1
lt,1
lubricant,1
lucased,1
luckily,1
manner,1
manhunterred,1
manageable,1
manage,1
mamet,1
malayalam,1
makerdirector,1
makemkv,1
majors,1
mainstream,1
mailto,1
maid,1
magnify,1
magix,1
magically,1
magical,1
magic,1
madagascar,1
macs,1
machinima,1
machines,1
lyrics,1
lynch,1
lying,1
lurker,1
lunch,1
lumet,1
lumen,1
lucrative,1
mileage,1
mimick,1
noticeable,1
nearby,1
newimages,1
newer,1
newbies,1
nevertheless,1
net,1
nervously,1
nephew,1
nepal,1
neosoundshttpswwwneosoundscomroyaltyfreemusicstylesblues,1
neon,1
neighborhood,1
negotiating,1
necessarily,1
nearing,1
navigation,1
nicest,1
nature,1
nasa,1
narratives,1
narrated,1
narcissus,1
names,1
namerecognition,1
nambiar,1
nadine,1
mx,1
mutuals,1
musthave,1
muslim,1
musicvideo,1
nicely,1
nicked,1
mindhunters,1
nonliterary,1
noticable,1
noteslessons,1
northern,1
normalok,1
norm,1
nordic,1
nordahlhansen,1
noone,1
nonunion,1
nonstop,1
nonsensical,1
nonreflex,1
nonprofit,1
nonmembers,1
nonfiction,1
nights,1
nonetheless,1
noncommercial,1
nominee,1
nominated,1
nomadlands,1
nolan,1
noisy,1
noir,1
nobuhiko,1
nobodys,1
nobody,1
nles,1
nle,1
nitpick,1
musics,1
musichttpspreviewredditpxgvvktfjpgwidthampformatpjpgampautowebpampsbdbcdfddfeacfffff,1
muscle,1
missteps,1
monday,1
monarch,1
momentum,1
mole,1
modes,1
models,1
mod,1
mockumentary,1
mock,1
mn,1
mkii,1
mke,1
mixed,1
misterious,1
mission,1
murders,1
miss,1
misra,1
mishmash,1
miserlou,1
mirror,1
miranda,1
minutiae,1
minolta,1
minnesota,1
minneapolisst,1
minimalistic,1
ming,1
minefield,1
mindset,1
monetized,1
monetizing,1
mongolian,1
monitoring,1
mundane,1
mum,1
multiply,1
multimedia,1
mulholland,1
mugs,1
muffled,1
mt,1
mowing,1
mow,1
movoxr,1
movis,1
moviesfilmstheatrical,1
mounts,1
motorcycles,1
motorbike,1
motivational,1
motivation,1
mother,1
mossberg,1
mortal,1
morehttpswwwyoutubecomwatchvlsothupn,1
moral,1
moonshine,1
moody,1
moods,1
moodiness,1
monstruosity,1
monochrome,1
aa,1
